-- phpMyAdmin SQL Dump
-- version 5.2.1
-- https://www.phpmyadmin.net/
--
-- Host: 127.0.0.1
-- Generation Time: Jan 27, 2025 at 04:11 PM
-- Server version: 10.4.32-MariaDB
-- PHP Version: 8.0.30

SET SQL_MODE = "NO_AUTO_VALUE_ON_ZERO";
START TRANSACTION;
SET time_zone = "+00:00";


/*!40101 SET @OLD_CHARACTER_SET_CLIENT=@@CHARACTER_SET_CLIENT */;
/*!40101 SET @OLD_CHARACTER_SET_RESULTS=@@CHARACTER_SET_RESULTS */;
/*!40101 SET @OLD_COLLATION_CONNECTION=@@COLLATION_CONNECTION */;
/*!40101 SET NAMES utf8mb4 */;

--
-- Database: `des_penjualan`
--

-- --------------------------------------------------------

--
-- Table structure for table `tb_alpha`
--

CREATE TABLE `tb_alpha` (
  `id_alpha` int(11) NOT NULL,
  `kode_produk` varchar(16) DEFAULT NULL,
  `alpha` double DEFAULT NULL,
  `mape` double DEFAULT NULL
) ENGINE=InnoDB DEFAULT CHARSET=utf8mb4 COLLATE=utf8mb4_general_ci;

--
-- Dumping data for table `tb_alpha`
--

INSERT INTO `tb_alpha` (`id_alpha`, `kode_produk`, `alpha`, `mape`) VALUES
(505, 'J04', 0.1, 0),
(506, 'J04', 0.2, 0),
(507, 'J04', 0.3, 0),
(508, 'J04', 0.4, 0),
(509, 'J04', 0.5, 0),
(510, 'J04', 0.6, 0),
(511, 'J04', 0.7, 0),
(512, 'J04', 0.8, 0),
(513, 'J04', 0.9, 0),
(1279, 'J01', 0.1, 16.863659193062),
(1280, 'J01', 0.2, 16.824803915113),
(1281, 'J01', 0.3, 15.545954379758),
(1282, 'J01', 0.4, 12.844303095249),
(1283, 'J01', 0.5, 10.23464690273),
(1284, 'J01', 0.6, 8.7564143317628),
(1285, 'J01', 0.7, 7.8978861806413),
(1286, 'J01', 0.8, 7.7208770612165),
(1287, 'J01', 0.9, 7.7381111451256),
(1288, 'J02', 0.1, 21.41734787497),
(1289, 'J02', 0.2, 21.107371315752),
(1290, 'J02', 0.3, 18.553415398583),
(1291, 'J02', 0.4, 15.020956212461),
(1292, 'J02', 0.5, 12.36924758529),
(1293, 'J02', 0.6, 10.748154777949),
(1294, 'J02', 0.7, 10.4650704738),
(1295, 'J02', 0.8, 10.465492500081),
(1296, 'J02', 0.9, 10.78546013364),
(1297, 'J03', 0.1, 16.547872196117),
(1298, 'J03', 0.2, 16.507067904014),
(1299, 'J03', 0.3, 14.960454223872),
(1300, 'J03', 0.4, 12.781149893162),
(1301, 'J03', 0.5, 10.338037961926),
(1302, 'J03', 0.6, 8.8072246566865),
(1303, 'J03', 0.7, 8.1769339216518),
(1304, 'J03', 0.8, 7.5251655010917),
(1305, 'J03', 0.9, 7.0849486396228),
(1306, 'M01', 0.1, 18.66380587087),
(1307, 'M01', 0.2, 16.756353904611),
(1308, 'M01', 0.3, 14.379602801371),
(1309, 'M01', 0.4, 11.816012243374),
(1310, 'M01', 0.5, 10.295534447336),
(1311, 'M01', 0.6, 9.0988429086592),
(1312, 'M01', 0.7, 8.6409721468504),
(1313, 'M01', 0.8, 8.6903696674805),
(1314, 'M01', 0.9, 8.70975923638),
(1315, 'M02', 0.1, 24.122487492958),
(1316, 'M02', 0.2, 23.375627446877),
(1317, 'M02', 0.3, 20.738660136745),
(1318, 'M02', 0.4, 16.734303149116),
(1319, 'M02', 0.5, 13.976059722175),
(1320, 'M02', 0.6, 11.828652098347),
(1321, 'M02', 0.7, 11.454220415756),
(1322, 'M02', 0.8, 11.384157239556),
(1323, 'M02', 0.9, 11.690599246248);

-- --------------------------------------------------------

--
-- Table structure for table `tb_hasil`
--

CREATE TABLE `tb_hasil` (
  `id_hasil` int(11) NOT NULL,
  `kode_produk` varchar(16) DEFAULT NULL,
  `tanggal` date DEFAULT NULL,
  `aktual` int(11) NOT NULL,
  `hasil` int(11) DEFAULT NULL,
  `akurasi` float DEFAULT NULL
) ENGINE=InnoDB DEFAULT CHARSET=utf8mb4 COLLATE=utf8mb4_general_ci;

--
-- Dumping data for table `tb_hasil`
--

INSERT INTO `tb_hasil` (`id_hasil`, `kode_produk`, `tanggal`, `aktual`, `hasil`, `akurasi`) VALUES
(189, 'J03', '2024-12-01', 0, 14, NULL),
(190, 'M01', '2024-12-01', 0, 13, NULL),
(200, 'J02', '2024-12-01', 0, 31, NULL),
(205, 'M02', '2024-12-01', 0, 22, NULL),
(215, 'J01', '2024-12-01', 0, 28, NULL);

-- --------------------------------------------------------

--
-- Table structure for table `tb_jual`
--

CREATE TABLE `tb_jual` (
  `id_jual` int(11) NOT NULL,
  `faktur` varchar(255) DEFAULT NULL,
  `tanggal` date DEFAULT NULL,
  `kode_user` varchar(16) DEFAULT NULL,
  `grantotal` int(11) DEFAULT NULL,
  `bayar` int(11) DEFAULT NULL,
  `kembali` int(11) DEFAULT NULL,
  `keterangan` varchar(255) DEFAULT NULL
) ENGINE=InnoDB DEFAULT CHARSET=latin1 COLLATE=latin1_swedish_ci;

--
-- Dumping data for table `tb_jual`
--

INSERT INTO `tb_jual` (`id_jual`, `faktur`, `tanggal`, `kode_user`, `grantotal`, `bayar`, `kembali`, `keterangan`) VALUES
(109, 'FJ-20241207-001', '2021-12-07', 'U003', 460000, 460000, 0, NULL),
(110, 'FJ-20241207-002', '2022-01-31', 'U003', 575000, 575000, 0, NULL),
(111, 'FJ-20241207-003', '2022-02-07', 'U003', 621000, 621000, 0, NULL),
(114, 'FJ-20241207-004', '2022-03-31', 'U003', 690000, 690000, 0, NULL),
(115, 'FJ-20241207-005', '2022-04-30', 'U003', 736000, 736000, 0, NULL),
(116, 'FJ-20241207-006', '2022-05-31', 'U003', 759000, 759000, 0, NULL),
(117, 'FJ-20241207-007', '2022-06-30', 'U003', 759000, 759000, 0, NULL),
(118, 'FJ-20241207-008', '2022-07-30', 'U003', 690000, 690000, 0, NULL),
(119, 'FJ-20241207-009', '2022-08-31', 'U003', 644000, 644000, 0, NULL),
(120, 'FJ-20241207-010', '2022-09-07', 'U003', 598000, 598000, 0, NULL),
(121, 'FJ-20241207-011', '2022-10-31', 'U003', 598000, 598000, 0, NULL),
(122, 'FJ-20241207-012', '2022-11-30', 'U003', 506000, 506000, 0, NULL),
(123, 'FJ-20241207-013', '2022-12-31', 'U003', 460000, 460000, 0, NULL),
(124, 'FJ-20241207-014', '2023-01-31', 'U003', 575000, 575000, 0, NULL),
(125, 'FJ-20241207-015', '2023-02-28', 'U003', 667000, 667000, 0, NULL),
(126, 'FJ-20241207-016', '2023-03-31', 'U003', 690000, 690000, 0, NULL),
(127, 'FJ-20241207-017', '2023-04-28', 'U003', 759000, 759000, 0, NULL),
(128, 'FJ-20241207-018', '2023-05-31', 'U003', 851000, 851000, 0, NULL),
(129, 'FJ-20241207-019', '2023-06-30', 'U003', 897000, 897000, 0, NULL),
(130, 'FJ-20241207-020', '2023-07-31', 'U003', 805000, 805000, 0, NULL),
(131, 'FJ-20241207-021', '2023-08-31', 'U003', 713000, 713000, 0, NULL),
(132, 'FJ-20241207-022', '2023-09-30', 'U003', 667000, 667000, 0, NULL),
(133, 'FJ-20241207-023', '2023-10-31', 'U003', 667000, 667000, 0, NULL),
(134, 'FJ-20241207-024', '2023-11-30', 'U003', 621000, 621000, 0, NULL),
(135, 'FJ-20241207-025', '2023-12-31', 'U003', 575000, 575000, 0, NULL),
(136, 'FJ-20241207-026', '2024-01-31', 'U003', 644000, 644000, 0, NULL),
(137, 'FJ-20241207-027', '2024-02-29', 'U003', 690000, 690000, 0, NULL),
(138, 'FJ-20241207-028', '2024-03-31', 'U003', 805000, 805000, 0, NULL),
(139, 'FJ-20241207-029', '2024-04-30', 'U003', 897000, 897000, 0, NULL),
(140, 'FJ-20241207-030', '2024-05-31', 'U003', 1104000, 1104000, 0, NULL),
(141, 'FJ-20241207-031', '2024-06-30', 'U003', 1196000, 1196000, 0, NULL),
(142, 'FJ-20241207-032', '2024-07-31', 'U003', 1081000, 1081000, 0, NULL),
(143, 'FJ-20241207-033', '2024-08-31', 'U003', 920000, 920000, 0, NULL),
(144, 'FJ-20241207-034', '2024-09-30', 'U003', 828000, 828000, 0, NULL),
(145, 'FJ-20241207-035', '2024-10-31', 'U003', 805000, 805000, 0, NULL),
(146, 'FJ-20241207-036', '2024-11-30', 'U003', 713000, 713000, 0, NULL),
(165, 'FJ-20211207-037', '2021-12-07', 'U003', 1012000, 1012000, 0, NULL),
(167, 'FJ-20211207-038', '2022-01-27', 'U003', 989000, 989000, 0, NULL),
(168, 'FJ-20211207-039', '2022-02-27', 'U003', 1012000, 1030000, 18000, NULL),
(169, 'FJ-20211207-040', '2022-03-27', 'U003', 1012000, 1012000, 0, NULL),
(170, 'FJ-20211207-041', '2022-04-27', 'U003', 1035000, 1035000, 0, NULL),
(171, 'FJ-20211207-042', '2022-05-27', 'U003', 966000, 970000, 4000, NULL),
(172, 'FJ-20211207-043', '2022-06-27', 'U003', 989000, 1000000, 11000, NULL),
(173, 'FJ-20211207-044', '2022-07-27', 'U003', 1012000, 1100000, 88000, NULL),
(174, 'FJ-20211207-045', '2022-08-27', 'U003', 1081000, 1081000, 0, NULL),
(175, 'FJ-20211207-046', '2022-09-27', 'U003', 1081000, 1081000, 0, NULL),
(176, 'FJ-20211207-047', '2022-10-27', 'U003', 1081000, 1081000, 0, NULL),
(177, 'FJ-20211207-048', '2022-11-27', 'U003', 1081000, 1081000, 0, NULL),
(178, 'FJ-20211207-049', '2022-12-27', 'U003', 1104000, 1104000, 0, NULL),
(179, 'FJ-20211207-050', '2023-01-27', 'U003', 1081000, 1081000, 0, NULL),
(180, 'FJ-20211207-051', '2023-02-27', 'U003', 1058000, 1058000, 0, NULL),
(181, 'FJ-20211207-052', '2023-03-27', 'U003', 1035000, 1035000, 0, NULL),
(182, 'FJ-20211207-053', '2023-04-27', 'U003', 1104000, 1104000, 0, NULL),
(183, 'FJ-20211207-054', '2023-05-27', 'U003', 1104000, 1104000, 0, NULL),
(184, 'FJ-20211207-055', '2023-06-27', 'U003', 1127000, 1127000, 0, NULL),
(185, 'FJ-20211207-056', '2023-07-27', 'U003', 1150000, 1150000, 0, NULL),
(186, 'FJ-20211207-057', '2023-08-27', 'U003', 1196000, 1196000, 0, NULL),
(187, 'FJ-20211207-058', '2023-09-27', 'U003', 1219000, 1219000, 0, NULL),
(188, 'FJ-20211207-059', '2023-10-27', 'U003', 1265000, 1265000, 0, NULL),
(189, 'FJ-20211207-060', '2023-11-27', 'U003', 1219000, 1219000, 0, NULL),
(190, 'FJ-20211207-061', '2023-12-27', 'U003', 1150000, 1150000, 0, NULL),
(191, 'FJ-20211207-062', '2024-01-27', 'U003', 1127000, 1127000, 0, NULL),
(192, 'FJ-20211207-063', '2024-02-27', 'U003', 1150000, 1150000, 0, NULL),
(193, 'FJ-20211207-064', '2024-03-27', 'U003', 1173000, 1173000, 0, NULL),
(194, 'FJ-20211207-065', '2024-04-27', 'U003', 1104000, 1104000, 0, NULL),
(195, 'FJ-20211207-066', '2024-05-27', 'U003', 1196000, 1196000, 0, NULL),
(196, 'FJ-20211207-067', '2024-06-27', 'U003', 1196000, 1196000, 0, NULL),
(197, 'FJ-20211207-068', '2024-07-27', 'U003', 1242000, 1242000, 0, NULL),
(198, 'FJ-20211207-069', '2024-08-27', 'U003', 1219000, 1219000, 0, NULL),
(199, 'FJ-20211207-070', '2024-09-27', 'U003', 1127000, 1127000, 0, NULL),
(200, 'FJ-20211207-071', '2024-10-27', 'U003', 1104000, 1104000, 0, NULL),
(201, 'FJ-20211207-072', '2024-11-27', 'U003', 1058000, 1058000, 0, NULL),
(202, 'FJ-20211207-073', '2021-12-27', 'U003', 420000, 420000, 0, NULL),
(204, 'FJ-20221227-074', '2022-01-27', 'U003', 420000, 420000, 0, NULL),
(205, 'FJ-20221227-075', '2022-02-27', 'U003', 420000, 420000, 0, NULL),
(206, 'FJ-20221227-076', '2022-03-27', 'U003', 406000, 420000, 14000, NULL),
(207, 'FJ-20221227-077', '2022-04-27', 'U003', 406000, 420000, 14000, NULL),
(208, 'FJ-20221227-078', '2022-05-27', 'U003', 420000, 420000, 0, NULL),
(209, 'FJ-20221227-079', '2022-06-27', 'U003', 476000, 480000, 4000, NULL),
(210, 'FJ-20221227-080', '2022-07-27', 'U003', 448000, 448000, 0, NULL),
(211, 'FJ-20221227-081', '2022-08-27', 'U003', 420000, 420000, 0, NULL),
(212, 'FJ-20221227-082', '2022-09-27', 'U003', 434000, 434000, 0, NULL),
(213, 'FJ-20221027-083', '2022-10-27', 'U003', 448000, 448000, 0, NULL),
(214, 'FJ-20221127-084', '2022-11-27', 'U003', 448000, 448000, 0, NULL),
(215, 'FJ-20221227-085', '2022-12-27', 'U003', 406000, 420000, 14000, NULL),
(216, 'FJ-20230127-086', '2023-01-27', 'U003', 350000, 350000, 0, NULL),
(217, 'FJ-20230227-087', '2023-02-27', 'U003', 364000, 364000, 0, NULL),
(218, 'FJ-20230327-088', '2023-03-27', 'U003', 364000, 370000, 6000, NULL),
(219, 'FJ-20230427-089', '2023-04-27', 'U003', 392000, 400000, 8000, NULL),
(220, 'FJ-20230527-090', '2023-05-27', 'U003', 420000, 420000, 0, NULL),
(221, 'FJ-20230627-091', '2023-06-27', 'U003', 434000, 434000, 0, NULL),
(222, 'FJ-20230727-092', '2023-07-27', 'U003', 448000, 450000, 2000, NULL),
(223, 'FJ-20230827-093', '2023-08-27', 'U003', 476000, 476000, 0, NULL),
(224, 'FJ-20230927-094', '2023-09-27', 'U003', 490000, 500000, 10000, NULL),
(225, 'FJ-20231027-095', '2023-10-27', 'U003', 476000, 480000, 4000, NULL),
(226, 'FJ-20231127-096', '2023-11-27', 'U003', 518000, 518000, 0, NULL),
(227, 'FJ-20231227-097', '2023-12-27', 'U003', 504000, 504000, 0, NULL),
(228, 'FJ-20240127-98', '2024-01-27', 'U003', 518000, 518000, 0, NULL),
(229, 'FJ-20240127-99', '2024-02-27', 'U003', 462000, 465000, 3000, NULL),
(230, 'FJ-20240327-100', '2024-03-27', 'U003', 476000, 476000, 0, NULL),
(231, 'FJ-20240427-101', '2024-04-27', 'U003', 448000, 448000, 0, NULL),
(232, 'FJ-20240527-102', '2024-05-27', 'U003', 490000, 500000, 10000, NULL),
(233, 'FJ-20240627-103', '2024-06-27', 'U003', 532000, 532000, 0, NULL),
(234, 'FJ-20240727-104', '2024-07-27', 'U003', 518000, 520000, 2000, NULL),
(235, 'FJ-20240827-105', '2024-08-27', 'U003', 490000, 500000, 10000, NULL),
(236, 'FJ-20240927-106', '2024-09-27', 'U003', 476000, 476000, 0, NULL),
(237, 'FJ-20241027-107', '2024-10-27', 'U003', 504000, 504000, 0, NULL),
(238, 'FJ-20241127-108', '2024-11-27', 'U003', 490000, 490000, 0, NULL);

-- --------------------------------------------------------

--
-- Table structure for table `tb_jual_detail`
--

CREATE TABLE `tb_jual_detail` (
  `id_jual_detail` int(11) NOT NULL,
  `id_jual` int(11) DEFAULT NULL,
  `kode_produk` varchar(16) DEFAULT NULL,
  `harga_jual` int(11) DEFAULT NULL,
  `jumlah` int(11) DEFAULT NULL,
  `subtotal` int(11) DEFAULT NULL,
  `aktual` int(11) NOT NULL
) ENGINE=InnoDB DEFAULT CHARSET=latin1 COLLATE=latin1_swedish_ci;

--
-- Dumping data for table `tb_jual_detail`
--

INSERT INTO `tb_jual_detail` (`id_jual_detail`, `id_jual`, `kode_produk`, `harga_jual`, `jumlah`, `subtotal`, `aktual`) VALUES
(207, 109, 'J01', 23000, 20, 460000, 0),
(208, 110, 'J01', 23000, 25, 575000, 0),
(209, 111, 'J01', 23000, 27, 621000, 0),
(212, 114, 'J01', 23000, 30, 690000, 0),
(213, 115, 'J01', 23000, 32, 736000, 0),
(214, 116, 'J01', 23000, 33, 759000, 0),
(215, 117, 'J01', 23000, 33, 759000, 0),
(216, 118, 'J01', 23000, 30, 690000, 0),
(217, 119, 'J01', 23000, 28, 644000, 0),
(218, 120, 'J01', 23000, 26, 598000, 0),
(219, 121, 'J01', 23000, 26, 598000, 0),
(220, 122, 'J01', 23000, 22, 506000, 0),
(221, 123, 'J01', 23000, 20, 460000, 0),
(222, 124, 'J01', 23000, 25, 575000, 0),
(223, 125, 'J01', 23000, 29, 667000, 0),
(224, 126, 'J01', 23000, 30, 690000, 0),
(225, 127, 'J01', 23000, 33, 759000, 0),
(226, 128, 'J01', 23000, 37, 851000, 0),
(227, 129, 'J01', 23000, 39, 897000, 0),
(228, 130, 'J01', 23000, 35, 805000, 0),
(229, 131, 'J01', 23000, 31, 713000, 0),
(230, 132, 'J01', 23000, 29, 667000, 0),
(231, 133, 'J01', 23000, 29, 667000, 0),
(232, 134, 'J01', 23000, 27, 621000, 0),
(233, 135, 'J01', 23000, 25, 575000, 0),
(234, 136, 'J01', 23000, 28, 644000, 0),
(235, 137, 'J01', 23000, 30, 690000, 0),
(236, 138, 'J01', 23000, 35, 805000, 0),
(237, 139, 'J01', 23000, 39, 897000, 0),
(238, 140, 'J01', 23000, 48, 1104000, 0),
(239, 141, 'J01', 23000, 52, 1196000, 0),
(240, 142, 'J01', 23000, 47, 1081000, 0),
(241, 143, 'J01', 23000, 40, 920000, 0),
(242, 144, 'J01', 23000, 36, 828000, 0),
(243, 145, 'J01', 23000, 35, 805000, 0),
(244, 146, 'J01', 23000, 31, 713000, 0),
(264, 165, 'J02', 23000, 20, 460000, 0),
(265, 165, 'J03', 23000, 24, 552000, 0),
(267, 167, 'J02', 23000, 17, 391000, 0),
(268, 167, 'J03', 23000, 26, 598000, 0),
(269, 168, 'J02', 23000, 16, 368000, 0),
(270, 168, 'J03', 23000, 28, 644000, 0),
(271, 169, 'J02', 23000, 15, 345000, 0),
(272, 169, 'J03', 23000, 29, 667000, 0),
(273, 170, 'J02', 23000, 15, 345000, 0),
(274, 170, 'J03', 23000, 30, 690000, 0),
(275, 171, 'J02', 23000, 12, 276000, 0),
(276, 171, 'J03', 23000, 30, 690000, 0),
(277, 172, 'J02', 23000, 11, 253000, 0),
(278, 172, 'J03', 23000, 32, 736000, 0),
(279, 173, 'J02', 23000, 15, 345000, 0),
(280, 173, 'J03', 23000, 29, 667000, 0),
(281, 174, 'J02', 23000, 20, 460000, 0),
(282, 174, 'J03', 23000, 27, 621000, 0),
(283, 175, 'J02', 23000, 22, 506000, 0),
(284, 175, 'J03', 23000, 25, 575000, 0),
(285, 176, 'J02', 23000, 22, 506000, 0),
(286, 176, 'J03', 23000, 25, 575000, 0),
(287, 177, 'J02', 23000, 24, 552000, 0),
(288, 177, 'J03', 23000, 23, 529000, 0),
(289, 178, 'J02', 23000, 27, 621000, 0),
(290, 178, 'J03', 23000, 21, 483000, 0),
(291, 179, 'J02', 23000, 25, 575000, 0),
(292, 179, 'J03', 23000, 22, 506000, 0),
(293, 180, 'J02', 23000, 22, 506000, 0),
(294, 180, 'J03', 23000, 24, 552000, 0),
(295, 181, 'J02', 23000, 20, 460000, 0),
(296, 181, 'J03', 23000, 25, 575000, 0),
(297, 182, 'J02', 23000, 19, 437000, 0),
(298, 182, 'J03', 23000, 29, 667000, 0),
(299, 183, 'J02', 23000, 15, 345000, 0),
(300, 183, 'J03', 23000, 33, 759000, 0),
(301, 184, 'J02', 23000, 15, 345000, 0),
(302, 184, 'J03', 23000, 34, 782000, 0),
(303, 185, 'J02', 23000, 20, 460000, 0),
(304, 185, 'J03', 23000, 30, 690000, 0),
(305, 186, 'J02', 23000, 25, 575000, 0),
(306, 186, 'J03', 23000, 27, 621000, 0),
(307, 187, 'J02', 23000, 27, 621000, 0),
(308, 187, 'J03', 23000, 26, 598000, 0),
(309, 188, 'J02', 23000, 30, 690000, 0),
(310, 188, 'J03', 23000, 25, 575000, 0),
(311, 189, 'J02', 23000, 32, 736000, 0),
(312, 189, 'J03', 23000, 21, 483000, 0),
(313, 190, 'J02', 23000, 32, 736000, 0),
(314, 190, 'J03', 23000, 18, 414000, 0),
(315, 191, 'J02', 23000, 29, 667000, 0),
(316, 191, 'J03', 23000, 20, 460000, 0),
(317, 192, 'J02', 23000, 26, 598000, 0),
(318, 192, 'J03', 23000, 24, 552000, 0),
(319, 193, 'J02', 23000, 24, 552000, 0),
(320, 193, 'J03', 23000, 27, 621000, 0),
(321, 194, 'J02', 23000, 20, 460000, 0),
(322, 194, 'J03', 23000, 28, 644000, 0),
(323, 195, 'J02', 23000, 18, 414000, 0),
(324, 195, 'J03', 23000, 34, 782000, 0),
(325, 196, 'J02', 23000, 16, 368000, 0),
(326, 196, 'J03', 23000, 36, 828000, 0),
(327, 197, 'J02', 23000, 21, 483000, 0),
(328, 197, 'J03', 23000, 33, 759000, 0),
(329, 198, 'J02', 23000, 23, 529000, 0),
(330, 198, 'J03', 23000, 30, 690000, 0),
(331, 199, 'J02', 23000, 24, 552000, 0),
(332, 199, 'J03', 23000, 25, 575000, 0),
(333, 200, 'J02', 23000, 28, 644000, 0),
(334, 200, 'J03', 23000, 20, 460000, 0),
(335, 201, 'J02', 23000, 29, 667000, 0),
(336, 201, 'J03', 23000, 17, 391000, 0),
(337, 202, 'M01', 14000, 15, 210000, 0),
(338, 202, 'M02', 14000, 15, 210000, 0),
(341, 204, 'M01', 14000, 18, 252000, 0),
(342, 204, 'M02', 14000, 12, 168000, 0),
(343, 205, 'M01', 14000, 19, 266000, 0),
(344, 205, 'M02', 14000, 11, 154000, 0),
(345, 206, 'M01', 14000, 19, 266000, 0),
(346, 206, 'M02', 14000, 10, 140000, 0),
(347, 207, 'M01', 14000, 20, 280000, 0),
(348, 207, 'M02', 14000, 9, 126000, 0),
(349, 208, 'M01', 14000, 20, 280000, 0),
(350, 208, 'M02', 14000, 10, 140000, 0),
(351, 209, 'M01', 14000, 22, 308000, 0),
(352, 209, 'M02', 14000, 12, 168000, 0),
(353, 210, 'M01', 14000, 18, 252000, 0),
(354, 210, 'M02', 14000, 14, 196000, 0),
(355, 211, 'M01', 14000, 15, 210000, 0),
(356, 211, 'M02', 14000, 15, 210000, 0),
(357, 212, 'M01', 14000, 13, 182000, 0),
(358, 212, 'M02', 14000, 18, 252000, 0),
(359, 213, 'M01', 14000, 13, 182000, 0),
(360, 213, 'M02', 14000, 19, 266000, 0),
(361, 214, 'M01', 14000, 12, 168000, 0),
(362, 214, 'M02', 14000, 20, 280000, 0),
(363, 215, 'M01', 14000, 11, 154000, 0),
(364, 215, 'M02', 14000, 18, 252000, 0),
(365, 216, 'M01', 14000, 10, 140000, 0),
(366, 216, 'M02', 14000, 15, 210000, 0),
(367, 217, 'M01', 14000, 12, 168000, 0),
(368, 217, 'M02', 14000, 14, 196000, 0),
(369, 218, 'M01', 14000, 14, 196000, 0),
(370, 218, 'M02', 14000, 12, 168000, 0),
(371, 219, 'M01', 14000, 18, 252000, 0),
(372, 219, 'M02', 14000, 10, 140000, 0),
(373, 220, 'M01', 14000, 20, 280000, 0),
(374, 220, 'M02', 14000, 10, 140000, 0),
(375, 221, 'M01', 14000, 22, 308000, 0),
(376, 221, 'M02', 14000, 9, 126000, 0),
(377, 222, 'M01', 14000, 20, 280000, 0),
(378, 222, 'M02', 14000, 12, 168000, 0),
(379, 223, 'M01', 14000, 19, 266000, 0),
(380, 223, 'M02', 14000, 15, 210000, 0),
(381, 224, 'M01', 14000, 19, 266000, 0),
(382, 224, 'M02', 14000, 16, 224000, 0),
(383, 225, 'M01', 14000, 18, 252000, 0),
(384, 225, 'M02', 14000, 16, 224000, 0),
(385, 226, 'M01', 14000, 18, 252000, 0),
(386, 226, 'M02', 14000, 19, 266000, 0),
(387, 227, 'M01', 14000, 16, 224000, 0),
(388, 227, 'M02', 14000, 20, 280000, 0),
(389, 228, 'M01', 14000, 18, 252000, 0),
(390, 228, 'M02', 14000, 19, 266000, 0),
(391, 229, 'M01', 14000, 20, 280000, 0),
(392, 229, 'M02', 14000, 13, 182000, 0),
(393, 230, 'M01', 14000, 22, 308000, 0),
(394, 230, 'M02', 14000, 12, 168000, 0),
(395, 231, 'M01', 14000, 22, 308000, 0),
(396, 231, 'M02', 14000, 10, 140000, 0),
(397, 232, 'M01', 14000, 25, 350000, 0),
(398, 232, 'M02', 14000, 10, 140000, 0),
(399, 233, 'M01', 14000, 26, 364000, 0),
(400, 233, 'M02', 14000, 12, 168000, 0),
(401, 234, 'M01', 14000, 24, 336000, 0),
(402, 234, 'M02', 14000, 13, 182000, 0),
(403, 235, 'M01', 14000, 20, 280000, 0),
(404, 235, 'M02', 14000, 15, 210000, 0),
(405, 236, 'M01', 14000, 19, 266000, 0),
(406, 236, 'M02', 14000, 15, 210000, 0),
(407, 237, 'M01', 14000, 18, 252000, 0),
(408, 237, 'M02', 14000, 18, 252000, 0),
(409, 238, 'M01', 14000, 15, 210000, 0),
(410, 238, 'M02', 14000, 20, 280000, 0),
(446, 274, 'J01', 23000, 22, 506000, 22);

-- --------------------------------------------------------

--
-- Table structure for table `tb_produk`
--

CREATE TABLE `tb_produk` (
  `kode_produk` varchar(16) NOT NULL,
  `nama_produk` varchar(255) DEFAULT NULL,
  `harga` int(11) DEFAULT NULL
) ENGINE=InnoDB DEFAULT CHARSET=utf8mb4 COLLATE=utf8mb4_general_ci;

--
-- Dumping data for table `tb_produk`
--

INSERT INTO `tb_produk` (`kode_produk`, `nama_produk`, `harga`) VALUES
('J01', 'Kaizenka Signature Ramen', 23000),
('J02', 'Curry Ramen', 23000),
('J03', 'Miso Ramen', 23000),
('M01', 'Mango Milk', 14000),
('M02', 'Matcha Milk', 14000);

-- --------------------------------------------------------

--
-- Table structure for table `tb_user`
--

CREATE TABLE `tb_user` (
  `kode_user` varchar(16) NOT NULL,
  `nama_user` varchar(255) DEFAULT NULL,
  `user` varchar(16) DEFAULT NULL,
  `pass` varchar(16) DEFAULT NULL,
  `level` varchar(16) DEFAULT NULL
) ENGINE=InnoDB DEFAULT CHARSET=utf8mb4 COLLATE=utf8mb4_general_ci;

--
-- Dumping data for table `tb_user`
--

INSERT INTO `tb_user` (`kode_user`, `nama_user`, `user`, `pass`, `level`) VALUES
('U001', 'Administrator', 'admin', 'admin', 'admin'),
('U002', 'Owner', 'owner', 'owner', 'owner'),
('U003', 'Kasir', 'kasir', 'kasir', 'kasir');

--
-- Indexes for dumped tables
--

--
-- Indexes for table `tb_alpha`
--
ALTER TABLE `tb_alpha`
  ADD PRIMARY KEY (`id_alpha`);

--
-- Indexes for table `tb_hasil`
--
ALTER TABLE `tb_hasil`
  ADD PRIMARY KEY (`id_hasil`),
  ADD UNIQUE KEY `kode_produk` (`kode_produk`,`tanggal`);

--
-- Indexes for table `tb_jual`
--
ALTER TABLE `tb_jual`
  ADD PRIMARY KEY (`id_jual`);

--
-- Indexes for table `tb_jual_detail`
--
ALTER TABLE `tb_jual_detail`
  ADD PRIMARY KEY (`id_jual_detail`);

--
-- Indexes for table `tb_produk`
--
ALTER TABLE `tb_produk`
  ADD PRIMARY KEY (`kode_produk`);

--
-- Indexes for table `tb_user`
--
ALTER TABLE `tb_user`
  ADD PRIMARY KEY (`kode_user`);

--
-- AUTO_INCREMENT for dumped tables
--

--
-- AUTO_INCREMENT for table `tb_alpha`
--
ALTER TABLE `tb_alpha`
  MODIFY `id_alpha` int(11) NOT NULL AUTO_INCREMENT, AUTO_INCREMENT=1324;

--
-- AUTO_INCREMENT for table `tb_hasil`
--
ALTER TABLE `tb_hasil`
  MODIFY `id_hasil` int(11) NOT NULL AUTO_INCREMENT, AUTO_INCREMENT=216;

--
-- AUTO_INCREMENT for table `tb_jual`
--
ALTER TABLE `tb_jual`
  MODIFY `id_jual` int(11) NOT NULL AUTO_INCREMENT, AUTO_INCREMENT=276;

--
-- AUTO_INCREMENT for table `tb_jual_detail`
--
ALTER TABLE `tb_jual_detail`
  MODIFY `id_jual_detail` int(11) NOT NULL AUTO_INCREMENT, AUTO_INCREMENT=448;
COMMIT;

/*!40101 SET CHARACTER_SET_CLIENT=@OLD_CHARACTER_SET_CLIENT */;
/*!40101 SET CHARACTER_SET_RESULTS=@OLD_CHARACTER_SET_RESULTS */;
/*!40101 SET COLLATION_CONNECTION=@OLD_COLLATION_CONNECTION */;
